Workbook

Sheet Nota
A1: NOTA-NOTA KEPADA AKAUN (NOTES TO THE ACCOUNTS) — TEMPLAT UMUM GP23
A2: Templat ini untuk MANA-MANA jenis koperasi, tanpa kira aktiviti. Formula TIDAK dikodkeras kepada kod akaun tertentu — setiap Nota bertanya "Berkaitan?" dan "Kod Akaun", diisi dengan kod SEBENAR koperasi anda sendiri (daripada helaian Akaun anda sendiri). Jika Tidak Berkaitan, biar kod kosong — baki tunjuk 0, itu betul.
A3: Nilai yang terpapar semasa ujian formula ini adalah DATA UJIAN/CONTOH sahaja — BUKAN kedudukan kewangan sebenar mana-mana koperasi. Jangan ambil sebarang angka di sini sebagai fakta perniagaan.
A5: NOTA 1 — MAKLUMAT UMUM (GP23 perenggan 16, Nota 1)
A6: Aktiviti utama | B6: [ISI] ◄ ISI
A7: Alamat berdaftar | B7: [ISI] ◄ ISI
A8: No. Pendaftaran SKM | B8: =IF(Tetapan!C6="","[ISI di Tetapan!C6]",Tetapan!C6) -> [ISI di Tetapan!C6]
A10: NOTA 2 — ASAS PENYEDIAAN PENYATA KEWANGAN (GP23 perenggan 16, Nota 2)
A11: Penyata kewangan ini disediakan mengikut piawaian perakaunan yang diluluskan di Malaysia (MPERS), sebagaimana diubahsuaikan oleh GP23: Garis Panduan Pelaporan Penyata Kewangan Koperasi, selaras dengan Akta Koperasi 1993 dan Peraturan-Peraturan Koperasi 2010. [ISI jika koperasi anda menggunakan piawaian lain]
A13: NOTA 3 — TARIKH PENGESAHAN PENYATA KEWANGAN (GP23 perenggan 16, Nota 3)
A14: Disahkan oleh Lembaga pada | B14: [ISI] ◄ ISI
A16: NOTA 4 — RINGKASAN POLISI PERAKAUNAN PENTING (GP23 perenggan 16, Nota 5)
A17: (a) Susut nilai — kaedah/kadar setiap aset (daripada Daftar_Aset_Tetap; kosong jika belum ada aset didaftar):
A18: Nama Aset | B18: Kategori | C18: Kaedah | D18: Kadar
A19: =IF(Daftar_Aset_Tetap!A5="","",Daftar_Aset_Tetap!A5) | B19: =IF(Daftar_Aset_Tetap!A5="","",Daftar_Aset_Tetap!B5) | C19: =IF(Daftar_Aset_Tetap!A5="","",Daftar_Aset_Tetap!G5) | D19: =IF(Daftar_Aset_Tetap!A5="","",Daftar_Aset_Tetap!H5)
A20: =IF(Daftar_Aset_Tetap!A6="","",Daftar_Aset_Tetap!A6) | B20: =IF(Daftar_Aset_Tetap!A6="","",Daftar_Aset_Tetap!B6) | C20: =IF(Daftar_Aset_Tetap!A6="","",Daftar_Aset_Tetap!G6) | D20: =IF(Daftar_Aset_Tetap!A6="","",Daftar_Aset_Tetap!H6)
A21: =IF(Daftar_Aset_Tetap!A7="","",Daftar_Aset_Tetap!A7) | B21: =IF(Daftar_Aset_Tetap!A7="","",Daftar_Aset_Tetap!B7) | C21: =IF(Daftar_Aset_Tetap!A7="","",Daftar_Aset_Tetap!G7) | D21: =IF(Daftar_Aset_Tetap!A7="","",Daftar_Aset_Tetap!H7)
A22: =IF(Daftar_Aset_Tetap!A8="","",Daftar_Aset_Tetap!A8) | B22: =IF(Daftar_Aset_Tetap!A8="","",Daftar_Aset_Tetap!B8) | C22: =IF(Daftar_Aset_Tetap!A8="","",Daftar_Aset_Tetap!G8) | D22: =IF(Daftar_Aset_Tetap!A8="","",Daftar_Aset_Tetap!H8)
A23: =IF(Daftar_Aset_Tetap!A9="","",Daftar_Aset_Tetap!A9) | B23: =IF(Daftar_Aset_Tetap!A9="","",Daftar_Aset_Tetap!B9) | C23: =IF(Daftar_Aset_Tetap!A9="","",Daftar_Aset_Tetap!G9) | D23: =IF(Daftar_Aset_Tetap!A9="","",Daftar_Aset_Tetap!H9)
A24: =IF(Daftar_Aset_Tetap!A10="","",Daftar_Aset_Tetap!A10) | B24: =IF(Daftar_Aset_Tetap!A10="","",Daftar_Aset_Tetap!B10) | C24: =IF(Daftar_Aset_Tetap!A10="","",Daftar_Aset_Tetap!G10) | D24: =IF(Daftar_Aset_Tetap!A10="","",Daftar_Aset_Tetap!H10)
A25: =IF(Daftar_Aset_Tetap!A11="","",Daftar_Aset_Tetap!A11) | B25: =IF(Daftar_Aset_Tetap!A11="","",Daftar_Aset_Tetap!B11) | C25: =IF(Daftar_Aset_Tetap!A11="","",Daftar_Aset_Tetap!G11) | D25: =IF(Daftar_Aset_Tetap!A11="","",Daftar_Aset_Tetap!H11)
A26: =IF(Daftar_Aset_Tetap!A12="","",Daftar_Aset_Tetap!A12) | B26: =IF(Daftar_Aset_Tetap!A12="","",Daftar_Aset_Tetap!B12) | C26: =IF(Daftar_Aset_Tetap!A12="","",Daftar_Aset_Tetap!G12) | D26: =IF(Daftar_Aset_Tetap!A12="","",Daftar_Aset_Tetap!H12)
A27: =IF(Daftar_Aset_Tetap!A13="","",Daftar_Aset_Tetap!A13) | B27: =IF(Daftar_Aset_Tetap!A13="","",Daftar_Aset_Tetap!B13) | C27: =IF(Daftar_Aset_Tetap!A13="","",Daftar_Aset_Tetap!G13) | D27: =IF(Daftar_Aset_Tetap!A13="","",Daftar_Aset_Tetap!H13)
A28: =IF(Daftar_Aset_Tetap!A14="","",Daftar_Aset_Tetap!A14) | B28: =IF(Daftar_Aset_Tetap!A14="","",Daftar_Aset_Tetap!B14) | C28: =IF(Daftar_Aset_Tetap!A14="","",Daftar_Aset_Tetap!G14) | D28: =IF(Daftar_Aset_Tetap!A14="","",Daftar_Aset_Tetap!H14)
A29: (b) Inventori | B29: Pada kos, atau kos/nilai boleh direalisasi bersih (mana lebih rendah). [ISI jika berbeza] ◄ ISI
A30: (c) Hutang ragu/lapuk | B30: [ISI polisi — cth. GP23 wajibkan ini bagi pinjaman >6 bulan tak berbayar] ◄ ISI
A31: (d) Pengiktirafan hasil | B31: [ISI — bagaimana setiap aktiviti mengiktiraf pendapatan] ◄ ISI
A32: (e) Usaha berterusan | B32: Disediakan berasaskan usaha berterusan. [ISI "TIDAK" + sebab jika tidak lagi benar] ◄ ISI
A34: NOTA 5 — POLISI RISIKO PENGURUSAN KEWANGAN (GP23 Lampiran 5 perenggan 6)
A35: (a) Risiko Kecairan: [ISI] ◄ ISI
A36: (b) Risiko Kredit: [ISI] ◄ ISI
A38: NOTA 6 — HARTA TANAH, LOJI DAN PERALATAN (PPE) (GP23 perenggan 15(a))
A39: Berkaitan untuk koperasi ini? | B39: [ISI — Ya/Tidak] ◄ ISI
A40: Kod Akaun — Kos PPE | B40: [ISI kod akaun] ◄ ISI
A41: Kod Akaun — Susut Nilai Terkumpul | B41: [ISI kod akaun] ◄ ISI
A42: Baki awal tahun (Sejarah_Baki jika ada) | B42: =IF($B$40="","",IFERROR(SUMIF(Sejarah_Baki!$B:$B,$B$40,Sejarah_Baki!$D:$D)-SUMIF(Sejarah_Baki!$B:$B,$B$40,Sejarah_Baki!$E:$E),"[ISI—thn pertama]")) -> 0
A43: Tambahan tahun semasa | B43: =IF($B$40="",0,SUMIFS(Baris_Transaksi!$D:$D,Baris_Transaksi!$C:$C,$B$40,Baris_Transaksi!$B:$B,"<>"&Tetapan!$C$18)) -> 0
A44: Pengurangan tahun semasa | B44: =IF($B$40="",0,SUMIFS(Baris_Transaksi!$E:$E,Baris_Transaksi!$C:$C,$B$40,Baris_Transaksi!$B:$B,"<>"&Tetapan!$C$18)) -> 0
A45: Baki akhir tahun (semakan bebas) | B45: =IF($B$40="",0,SUMIF(Imbangan_Duga!$A:$A,$B$40,Imbangan_Duga!$H:$H)) -> 0
A46: Susut Nilai Terkumpul (semakan bebas) | B46: =IF($B$41="",0,SUMIF(Imbangan_Duga!$A:$A,$B$41,Imbangan_Duga!$H:$H)) -> 0
A47: BERSIH | B47: =B45+B46 -> 0
A48: Jika PPE terdiri >1 kategori (Tanah/Bangunan/Kenderaan dll.) dengan kod berasingan, salin blok Nota ini sekali untuk setiap kategori.
A50: NOTA 7 — GERAN/BANTUAN (GP23 perenggan 15(b))
A51: Berkaitan untuk koperasi ini? | B51: [ISI — Ya/Tidak] ◄ ISI
A52: Kod Akaun — Geran/Bantuan | B52: [ISI kod akaun] ◄ ISI
A53: Baki semasa (Imbangan_Duga) | B53: =IF($B$52="",0,SUMIF(Imbangan_Duga!$A:$A,$B$52,Imbangan_Duga!$H:$H)) -> 0
A54: Punca dan tujuan geran | B54: [ISI] ◄ ISI
A56: NOTA 8 — PELABURAN DALAM SYER (SIAR HARGA & TAK SIAR HARGA) (GP23 perenggan 15(c))
A57: Berkaitan untuk koperasi ini? | B57: [ISI — Ya/Tidak] ◄ ISI
A58: Kod Akaun — Pelaburan Syer | B58: [ISI kod akaun] ◄ ISI
A59: Baki semasa (Imbangan_Duga) | B59: =IF($B$58="",0,SUMIF(Imbangan_Duga!$A:$A,$B$58,Imbangan_Duga!$H:$H)) -> 0
A60: Senarai syer (nama syarikat/bil.unit/kos/nilai pasaran) | B60: [ISI jadual berasingan jika perlu] ◄ ISI
A61: Kelulusan SKM & had pelaburan disahkan? | B61: [ISI — Ya/Tidak] ◄ ISI
A63: NOTA 9 — KEPENTINGAN DALAM SUBSIDIARI DAN SYARIKAT BERSEKUTU (GP23 perenggan 15(d))
A64: Berkaitan untuk koperasi ini? | B64: [ISI — Ya/Tidak] ◄ ISI
A65: Kod Akaun — Pelaburan Subsidiari/Bersekutu | B65: [ISI kod akaun] ◄ ISI
A66: Kod Akaun — Hutang Subsidiari/Bersekutu | B66: [ISI kod akaun] ◄ ISI
A67: Baki semasa (Imbangan_Duga) | B67: =IF($B$65="",0,SUMIF(Imbangan_Duga!$A:$A,$B$65,Imbangan_Duga!$H:$H)) -> 0
A68: Baki semasa (Imbangan_Duga) | B68: =IF($B$66="",0,SUMIF(Imbangan_Duga!$A:$A,$B$66,Imbangan_Duga!$H:$H)) -> 0
A69: Nama syarikat, aktiviti, % pegangan ekuiti | B69: [ISI] ◄ ISI
A70: Kelulusan SKM (s.19 Akta) disahkan? | B70: [ISI — Ya/Tidak] ◄ ISI
A72: NOTA 10 — PELABURAN HARTANAH DAN PELABURAN LAIN (GP23 perenggan 15(e))
A73: Berkaitan untuk koperasi ini? | B73: [ISI — Ya/Tidak] ◄ ISI
A74: Kod Akaun — Pelaburan Hartanah/Lain | B74: [ISI kod akaun] ◄ ISI
A75: Baki semasa (Imbangan_Duga) | B75: =IF($B$74="",0,SUMIF(Imbangan_Duga!$A:$A,$B$74,Imbangan_Duga!$H:$H)) -> 0
A76: Kegunaan hartanah/pelaburan | B76: [ISI] ◄ ISI
A78: NOTA 11 — PELABURAN DALAM USAHA SAMA (GP23 perenggan 15(f))
A79: Berkaitan untuk koperasi ini? | B79: [ISI — Ya/Tidak] ◄ ISI
A80: Kod Akaun — Pelaburan Usaha Sama | B80: [ISI kod akaun] ◄ ISI
A81: Baki semasa (Imbangan_Duga) | B81: =IF($B$80="",0,SUMIF(Imbangan_Duga!$A:$A,$B$80,Imbangan_Duga!$H:$H)) -> 0
A82: Aktiviti, pihak terlibat, kelulusan SKM (s.54) | B82: [ISI] ◄ ISI
A84: NOTA 12 — PROJEK DALAM PELAKSANAAN (GP23 perenggan 15(g))
A85: Berkaitan untuk koperasi ini? | B85: [ISI — Ya/Tidak] ◄ ISI
A86: Kod Akaun — Projek Dalam Pelaksanaan | B86: [ISI kod akaun] ◄ ISI
A87: Baki semasa (Imbangan_Duga) | B87: =IF($B$86="",0,SUMIF(Imbangan_Duga!$A:$A,$B$86,Imbangan_Duga!$H:$H)) -> 0
A88: Jenis projek, kaedah pengiktirafan pendapatan | B88: [ISI] ◄ ISI
A90: NOTA 13 — PINJAMAN/PEMBIAYAAN DIBERI (ANGGOTA & BUKAN ANGGOTA) (GP23 perenggan 15(h))
A91: Berkaitan untuk koperasi ini? | B91: [ISI — Ya/Tidak] ◄ ISI
A92: Kod Akaun — Pinjaman/Pembiayaan Diberi | B92: [ISI kod akaun] ◄ ISI
A93: Baki awal tahun (Sejarah_Baki jika ada) | B93: =IF($B$92="","",IFERROR(SUMIF(Sejarah_Baki!$B:$B,$B$92,Sejarah_Baki!$D:$D)-SUMIF(Sejarah_Baki!$B:$B,$B$92,Sejarah_Baki!$E:$E),"[ISI—thn pertama]")) -> 0
A94: Tambahan tahun semasa | B94: =IF($B$92="",0,SUMIFS(Baris_Transaksi!$D:$D,Baris_Transaksi!$C:$C,$B$92,Baris_Transaksi!$B:$B,"<>"&Tetapan!$C$18)) -> 0
A95: Pengurangan tahun semasa | B95: =IF($B$92="",0,SUMIFS(Baris_Transaksi!$E:$E,Baris_Transaksi!$C:$C,$B$92,Baris_Transaksi!$B:$B,"<>"&Tetapan!$C$18)) -> 0
A96: Baki akhir tahun (semakan bebas) | B96: =IF($B$92="",0,SUMIF(Imbangan_Duga!$A:$A,$B$92,Imbangan_Duga!$H:$H)) -> 0
A97: Peruntukan wajib GP23: tak berbayar 6+ bulan; 50% ragu pada 9–12 bulan; 100% lapuk pada 12+ bulan. Asingkan pinjaman peribadi vs perniagaan jika berkaitan.
A99: NOTA 14 — ASET DAN PERGERAKAN KUMPULAN WANG RIZAB STATUTORI (KWRS) (GP23 perenggan 15(m))
A100: Berkaitan untuk koperasi ini? | B100: [ISI — Ya/Tidak] ◄ ISI
A101: Kod Akaun — Aset mewakili KWRS (cth. Akaun Deposit Koperasi) | B101: [ISI kod akaun] ◄ ISI
A102: Baki aset KWRS (semasa) | B102: =IF($B$101="",0,SUMIF(Imbangan_Duga!$A:$A,$B$101,Imbangan_Duga!$H:$H)) -> 0
A103: Kod Akaun — KWRS (Ekuiti/Rizab) | B103: [ISI kod akaun] ◄ ISI
A104: Baki awal tahun (Sejarah_Baki jika ada) | B104: =IF($B$103="","",IFERROR(SUMIF(Sejarah_Baki!$B:$B,$B$103,Sejarah_Baki!$D:$D)-SUMIF(Sejarah_Baki!$B:$B,$B$103,Sejarah_Baki!$E:$E),"[ISI—thn pertama]")) -> 0
A105: Tambahan tahun semasa | B105: =IF($B$103="",0,SUMIFS(Baris_Transaksi!$D:$D,Baris_Transaksi!$C:$C,$B$103,Baris_Transaksi!$B:$B,"<>"&Tetapan!$C$18)) -> 0
A106: Pengurangan tahun semasa | B106: =IF($B$103="",0,SUMIFS(Baris_Transaksi!$E:$E,Baris_Transaksi!$C:$C,$B$103,Baris_Transaksi!$B:$B,"<>"&Tetapan!$C$18)) -> 0
A107: Baki akhir tahun (semakan bebas) | B107: =IF($B$103="",0,SUMIF(Imbangan_Duga!$A:$A,$B$103,Imbangan_Duga!$H:$H)) -> 0
A109: NOTA 15 — INVENTORI (GP23 perenggan 15(j))
A110: Berkaitan untuk koperasi ini? | B110: [ISI — Ya/Tidak] ◄ ISI
A111: Jenis Inventori | B111: Kod Akaun | C111: Baki
A112: [ISI jenis] ◄ ISI | B112: [ISI kod] ◄ ISI | C112: =IF(B112="",0,SUMIF(Imbangan_Duga!$A:$A,B112,Imbangan_Duga!$H:$H)) -> 0
C113: =IF(B113="",0,SUMIF(Imbangan_Duga!$A:$A,B113,Imbangan_Duga!$H:$H)) -> 0
C114: =IF(B114="",0,SUMIF(Imbangan_Duga!$A:$A,B114,Imbangan_Duga!$H:$H)) -> 0
C115: =IF(B115="",0,SUMIF(Imbangan_Duga!$A:$A,B115,Imbangan_Duga!$H:$H)) -> 0
...

Sheet Tetapan
A1: Label | B1: Nilai Ditetapkan | C1: Nilai Digunakan | E1: Skeleton only — this workbook ships with no cooperative-specific values. Row numbers match APZacct's real Tetapan layout so Nota's formulas resolve once imported alongside your real Tetapan.
A6: No. Pendaftaran SKM
A18: ID Transaksi Baki Pembukaan

Sheet Imbangan_Duga
A1: Skeleton only — empty on purpose. In your real APZacct sheet this is formula-driven per account; Nota's formulas SUMIF straight off column A/H here.
A4: Kod Akaun | H4: Baki Bersih (bertanda)

Sheet Baris_Transaksi
A1: Skeleton only — empty on purpose. This is your real ledger lines sheet once imported.
A4: ID | B4: ID Transaksi | C4: Kod Akaun | D4: Debit | E4: Kredit | F4: Memo

Sheet Sejarah_Baki
A1: Tahun (baki ditutup) | B1: Kod Akaun | C1: Nama Akaun | D1: Debit | E1: Kredit
A2: (dicipta automatik oleh posBakiPembukaan() selepas tahun pertama — kosong sehingga itu)

Sheet Daftar_Aset_Tetap
A1: Skeleton only — columns A/B/G/H/J are what Nota's Note 4 and Note 6 read.
A4: Nama Aset | B4: Kategori | C4: Kos Asal | D4: Tarikh Beli | E4: Jangka Hayat | F4: Nilai Baki | G4: Kaedah | H4: Kadar | I4: Susut Nilai Terkumpul | J4: Susut Nilai Tahun Ini | K4: Nilai Buku Bersih
